﻿pos_x,pos_y,rotation,side,designator,mpn,pack,footprint,value,mount_type,place
123.4,-88.25,180.0,bottom,C1,,,C_0805_2012Metric,10u,smt,True
203.35,-147.3,0.0,bottom,C10,,,C_0402_1005Metric,100n,smt,True
195.35,-149.6,-90.0,bottom,C11,,,C_0402_1005Metric,100n,smt,True
196.349999,-138.2,90.0,bottom,C12,,,C_0402_1005Metric,100n,smt,True
193.249999,-137.8,90.0,bottom,C13,,,C_0402_1005Metric,1u,smt,True
203.35,-145.3,0.0,bottom,C14,,,C_0402_1005Metric,100n,smt,True
192.249999,-138.7,90.0,bottom,C15,,,C_0402_1005Metric,1u,smt,True
203.35,-144.3,0.0,bottom,C16,,,C_0402_1005Metric,100n,smt,True
190.749998,-136.8,180.0,bottom,C17,,,C_0402_1005Metric,100n,smt,True
203.35,-146.3,0.0,bottom,C18,,,C_0402_1005Metric,100n,smt,True
190.749999,-137.8,180.0,bottom,C19,,,C_0402_1005Metric,100n,smt,True
130.25,-80.5,0.0,bottom,C2,,,C_0805_2012Metric,10u,smt,True
190.749999,-138.8,180.0,bottom,C20,,,C_0402_1005Metric,100n,smt,True
190.75,-139.8,180.0,bottom,C21,,,C_0402_1005Metric,100n,smt,True
193.35,-152.8,-90.0,bottom,C22,,,C_0805_2012Metric,10u,smt,True
198.7,-150.053838,0.0,bottom,C6,,,C_0402_1005Metric,15p,smt,True
196.8,-150.053838,180.0,bottom,C7,,,C_0402_1005Metric,15p,smt,True
72.4,-97.6,0.0,bottom,D1,,,D_SOD-123,1N4148W,smt,True
238.8,-88.0,-90.0,bottom,D10,,,D_SOD-123,1N4148W,smt,True
258.0,-88.0,-90.0,bottom,D11,,,D_SOD-123,1N4148W,smt,True
277.0,-88.0,-90.0,bottom,D12,,,D_SOD-123,1N4148W,smt,True
296.0,-88.0,-90.0,bottom,D13,,,D_SOD-123,1N4148W,smt,True
323.0,-88.0,-90.0,bottom,D14,,,D_SOD-123,1N4148W,smt,True
342.75,-88.5,-90.0,bottom,D15,,,D_SOD-123,1N4148W,smt,True
360.5,-88.0,-90.0,bottom,D16,,,D_SOD-123,1N4148W,smt,True
72.4,-116.6,0.0,bottom,D18,,,D_SOD-123,1N4148W,smt,True
86.25,-107.1,-90.0,bottom,D19,,,D_SOD-123,1N4148W,smt,True
86.25,-88.5,-90.0,bottom,D2,,,D_SOD-123,1N4148W,smt,True
105.3,-107.1,-90.0,bottom,D20,,,D_SOD-123,1N4148W,smt,True
136.0,-98.5,180.0,bottom,D21,,,D_SOD-123,1N4148W,smt,True
143.4,-107.1,-90.0,bottom,D22,,,D_SOD-123,1N4148W,smt,True
162.45,-107.1,-90.0,bottom,D23,,,D_SOD-123,1N4148W,smt,True
181.5,-107.1,-90.0,bottom,D24,,,D_SOD-123,1N4148W,smt,True
200.55,-107.1,-90.0,bottom,D25,,,D_SOD-123,1N4148W,smt,True
219.6,-107.1,-90.0,bottom,D26,,,D_SOD-123,1N4148W,smt,True
238.65,-107.1,-90.0,bottom,D27,,,D_SOD-123,1N4148W,smt,True
257.7,-107.1,-90.0,bottom,D28,,,D_SOD-123,1N4148W,smt,True
276.75,-107.1,-90.0,bottom,D29,,,D_SOD-123,1N4148W,smt,True
129.25,-98.5,0.0,bottom,D3,,,D_SOD-123,1N4148W,smt,True
295.8,-107.1,-90.0,bottom,D30,,,D_SOD-123,1N4148W,smt,True
323.0,-107.1,-90.0,bottom,D31,,,D_SOD-123,1N4148W,smt,True
342.75,-107.1,-90.0,bottom,D32,,,D_SOD-123,1N4148W,smt,True
360.5,-107.1,-90.0,bottom,D33,,,D_SOD-123,1N4148W,smt,True
72.4,-135.6,0.0,bottom,D35,,,D_SOD-123,1N4148W,smt,True
86.25,-126.0,-90.0,bottom,D36,,,D_SOD-123,1N4148W,smt,True
105.3,-126.0,-90.0,bottom,D37,,,D_SOD-123,1N4148W,smt,True
124.35,-126.0,-90.0,bottom,D38,,,D_SOD-123,1N4148W,smt,True
143.4,-126.0,-90.0,bottom,D39,,,D_SOD-123,1N4148W,smt,True
124.5,-92.5,-90.0,bottom,D4,,,D_SOD-123,1N4148W,smt,True
162.45,-126.0,-90.0,bottom,D40,,,D_SOD-123,1N4148W,smt,True
186.4,-117.5,0.0,bottom,D41,,,D_SOD-123,1N4148W,smt,True
200.5,-123.8,-90.0,bottom,D42,,,D_SOD-123,1N4148W,smt,True
219.6,-126.0,-90.0,bottom,D43,,,D_SOD-123,1N4148W,smt,True
238.65,-126.0,-90.0,bottom,D44,,,D_SOD-123,1N4148W,smt,True
257.7,-126.0,-90.0,bottom,D45,,,D_SOD-123,1N4148W,smt,True
276.75,-126.0,-90.0,bottom,D46,,,D_SOD-123,1N4148W,smt,True
323.0,-125.75,-90.0,bottom,D47,,,D_SOD-123,1N4148W,smt,True
342.75,-126.25,-90.0,bottom,D48,,,D_SOD-123,1N4148W,smt,True
360.5,-126.25,-90.0,bottom,D49,,,D_SOD-123,1N4148W,smt,True
143.6,-88.5,-90.0,bottom,D5,,,D_SOD-123,1N4148W,smt,True
299.5,-129.9,-90.0,bottom,D50,,,D_SOD-123,1N4148W,smt,True
89.2,-145.3,-90.0,bottom,D52,,,D_SOD-123,1N4148W,smt,True
92.6,-145.3,-90.0,bottom,D53,,,D_SOD-123,1N4148W,smt,True
117.2,-145.3,-90.0,bottom,D54,,,D_SOD-123,1N4148W,smt,True
141.1,-145.3,-90.0,bottom,D55,,,D_SOD-123,1N4148W,smt,True
173.1,-145.6,-90.0,bottom,D56,,,D_SOD-123,1N4148W,smt,True
223.6,-145.1,-90.0,bottom,D57,,,D_SOD-123,1N4148W,smt,True
226.8,-145.1,-90.0,bottom,D58,,,D_SOD-123,1N4148W,smt,True
250.6,-145.1,-90.0,bottom,D59,,,D_SOD-123,1N4148W,smt,True
162.6,-88.0,-90.0,bottom,D6,,,D_SOD-123,1N4148W,smt,True
280.6,-149.1,-90.0,bottom,D60,,,D_SOD-123,1N4148W,smt,True
343.0,-145.25,-90.0,bottom,D61,,,D_SOD-123,1N4148W,smt,True
360.5,-145.25,-90.0,bottom,D62,,,D_SOD-123,1N4148W,smt,True
299.65,-149.1,-90.0,bottom,D63,,,D_SOD-123,1N4148W,smt,True
318.7,-149.1,-90.0,bottom,D64,,,D_SOD-123,1N4148W,smt,True
181.6,-88.0,-90.0,bottom,D7,,,D_SOD-123,1N4148W,smt,True
200.6,-88.0,-90.0,bottom,D8,,,D_SOD-123,1N4148W,smt,True
219.6,-88.0,-90.0,bottom,D9,,,D_SOD-123,1N4148W,smt,True
76.2,-83.699999,0.0,bottom,D_RGB1,,,LED_SK6812MINI_E_3.5x3.5mm_P1.75mm,SK6812_MINI_E,smt,True
247.65,-83.7,0.0,bottom,D_RGB10,,,LED_SK6812MINI_E_3.5x3.5mm_P1.75mm,SK6812_MINI_E,smt,True
266.7,-83.7,0.0,bottom,D_RGB11,,,LED_SK6812MINI_E_3.5x3.5mm_P1.75mm,SK6812_MINI_E,smt,True
285.75,-83.7,0.0,bottom,D_RGB12,,,LED_SK6812MINI_E_3.5x3.5mm_P1.75mm,SK6812_MINI_E,smt,True
304.8,-83.7,0.0,bottom,D_RGB13,,,LED_SK6812MINI_E_3.5x3.5mm_P1.75mm,SK6812_MINI_E,smt,True
331.47,-83.7,0.0,bottom,D_RGB14,,,LED_SK6812MINI_E_3.5x3.5mm_P1.75mm,SK6812_MINI_E,smt,True
350.52,-83.7,0.0,bottom,D_RGB15,,,LED_SK6812MINI_E_3.5x3.5mm_P1.75mm,SK6812_MINI_E,smt,True
369.57,-83.7,0.0,bottom,D_RGB16,,,LED_SK6812MINI_E_3.5x3.5mm_P1.75mm,SK6812_MINI_E,smt,True
369.57,-102.75,180.0,bottom,D_RGB17,,,LED_SK6812MINI_E_3.5x3.5mm_P1.75mm,SK6812_MINI_E,smt,True
350.52,-102.75,180.0,bottom,D_RGB18,,,LED_SK6812MINI_E_3.5x3.5mm_P1.75mm,SK6812_MINI_E,smt,True
331.47,-102.75,180.0,bottom,D_RGB19,,,LED_SK6812MINI_E_3.5x3.5mm_P1.75mm,SK6812_MINI_E,smt,True
95.25,-83.7,0.0,bottom,D_RGB2,,,LED_SK6812MINI_E_3.5x3.5mm_P1.75mm,SK6812_MINI_E,smt,True
304.8,-102.75,180.0,bottom,D_RGB20,,,LED_SK6812MINI_E_3.5x3.5mm_P1.75mm,SK6812_MINI_E,smt,True
285.75,-102.75,180.0,bottom,D_RGB21,,,LED_SK6812MINI_E_3.5x3.5mm_P1.75mm,SK6812_MINI_E,smt,True
266.7,-102.75,180.0,bottom,D_RGB22,,,LED_SK6812MINI_E_3.5x3.5mm_P1.75mm,SK6812_MINI_E,smt,True
247.65,-102.75,180.0,bottom,D_RGB23,,,LED_SK6812MINI_E_3.5x3.5mm_P1.75mm,SK6812_MINI_E,smt,True
228.6,-102.75,180.0,bottom,D_RGB24,,,LED_SK6812MINI_E_3.5x3.5mm_P1.75mm,SK6812_MINI_E,smt,True
209.55,-102.75,180.0,bottom,D_RGB25,,,LED_SK6812MINI_E_3.5x3.5mm_P1.75mm,SK6812_MINI_E,smt,True
190.5,-102.75,180.0,bottom,D_RGB26,,,LED_SK6812MINI_E_3.5x3.5mm_P1.75mm,SK6812_MINI_E,smt,True
171.45,-102.75,180.0,bottom,D_RGB27,,,LED_SK6812MINI_E_3.5x3.5mm_P1.75mm,SK6812_MINI_E,smt,True
152.4,-102.75,180.0,bottom,D_RGB28,,,LED_SK6812MINI_E_3.5x3.5mm_P1.75mm,SK6812_MINI_E,smt,True
133.35,-102.75,180.0,bottom,D_RGB29,,,LED_SK6812MINI_E_3.5x3.5mm_P1.75mm,SK6812_MINI_E,smt,True
114.3,-83.7,0.0,bottom,D_RGB3,,,LED_SK6812MINI_E_3.5x3.5mm_P1.75mm,SK6812_MINI_E,smt,True
114.3,-102.75,180.0,bottom,D_RGB30,,,LED_SK6812MINI_E_3.5x3.5mm_P1.75mm,SK6812_MINI_E,smt,True
95.25,-102.75,180.0,bottom,D_RGB31,,,LED_SK6812MINI_E_3.5x3.5mm_P1.75mm,SK6812_MINI_E,smt,True
76.2,-102.75,180.0,bottom,D_RGB32,,,LED_SK6812MINI_E_3.5x3.5mm_P1.75mm,SK6812_MINI_E,smt,True
76.2,-121.8,0.0,bottom,D_RGB33,,,LED_SK6812MINI_E_3.5x3.5mm_P1.75mm,SK6812_MINI_E,smt,True
95.25,-121.8,0.0,bottom,D_RGB34,,,LED_SK6812MINI_E_3.5x3.5mm_P1.75mm,SK6812_MINI_E,smt,True
114.3,-121.8,0.0,bottom,D_RGB35,,,LED_SK6812MINI_E_3.5x3.5mm_P1.75mm,SK6812_MINI_E,smt,True
133.35,-121.8,0.0,bottom,D_RGB36,,,LED_SK6812MINI_E_3.5x3.5mm_P1.75mm,SK6812_MINI_E,smt,True
152.4,-121.8,0.0,bottom,D_RGB37,,,LED_SK6812MINI_E_3.5x3.5mm_P1.75mm,SK6812_MINI_E,smt,True
171.45,-121.8,0.0,bottom,D_RGB38,,,LED_SK6812MINI_E_3.5x3.5mm_P1.75mm,SK6812_MINI_E,smt,True
190.5,-121.8,0.0,bottom,D_RGB39,,,LED_SK6812MINI_E_3.5x3.5mm_P1.75mm,SK6812_MINI_E,smt,True
133.35,-83.7,0.0,bottom,D_RGB4,,,LED_SK6812MINI_E_3.5x3.5mm_P1.75mm,SK6812_MINI_E,smt,True
209.55,-121.8,0.0,bottom,D_RGB40,,,LED_SK6812MINI_E_3.5x3.5mm_P1.75mm,SK6812_MINI_E,smt,True
228.6,-121.8,0.0,bottom,D_RGB41,,,LED_SK6812MINI_E_3.5x3.5mm_P1.75mm,SK6812_MINI_E,smt,True
247.65,-121.8,0.0,bottom,D_RGB42,,,LED_SK6812MINI_E_3.5x3.5mm_P1.75mm,SK6812_MINI_E,smt,True
266.7,-121.8,0.0,bottom,D_RGB43,,,LED_SK6812MINI_E_3.5x3.5mm_P1.75mm,SK6812_MINI_E,smt,True
285.75,-121.8,0.0,bottom,D_RGB44,,,LED_SK6812MINI_E_3.5x3.5mm_P1.75mm,SK6812_MINI_E,smt,True
308.61,-125.61,0.0,bottom,D_RGB45,,,LED_SK6812MINI_E_3.5x3.5mm_P1.75mm,SK6812_MINI_E,smt,True
331.47,-121.8,0.0,bottom,D_RGB46,,,LED_SK6812MINI_E_3.5x3.5mm_P1.75mm,SK6812_MINI_E,smt,True
350.52,-121.8,0.0,bottom,D_RGB47,,,LED_SK6812MINI_E_3.5x3.5mm_P1.75mm,SK6812_MINI_E,smt,True
369.57,-121.8,0.0,bottom,D_RGB48,,,LED_SK6812MINI_E_3.5x3.5mm_P1.75mm,SK6812_MINI_E,smt,True
369.57,-140.85,180.0,bottom,D_RGB49,,,LED_SK6812MINI_E_3.5x3.5mm_P1.75mm,SK6812_MINI_E,smt,True
152.4,-83.7,0.0,bottom,D_RGB5,,,LED_SK6812MINI_E_3.5x3.5mm_P1.75mm,SK6812_MINI_E,smt,True
350.52,-140.85,180.0,bottom,D_RGB50,,,LED_SK6812MINI_E_3.5x3.5mm_P1.75mm,SK6812_MINI_E,smt,True
327.66,-144.66,180.0,bottom,D_RGB51,,,LED_SK6812MINI_E_3.5x3.5mm_P1.75mm,SK6812_MINI_E,smt,True
308.61,-144.66,180.0,bottom,D_RGB52,,,LED_SK6812MINI_E_3.5x3.5mm_P1.75mm,SK6812_MINI_E,smt,True
289.56,-144.66,180.0,bottom,D_RGB53,,,LED_SK6812MINI_E_3.5x3.5mm_P1.75mm,SK6812_MINI_E,smt,True
259.55625,-140.85,180.0,bottom,D_RGB54,,,LED_SK6812MINI_E_3.5x3.5mm_P1.75mm,SK6812_MINI_E,smt,True
235.74375,-140.85,180.0,bottom,D_RGB55,,,LED_SK6812MINI_E_3.5x3.5mm_P1.75mm,SK6812_MINI_E,smt,True
211.93125,-140.85,180.0,bottom,D_RGB56,,,LED_SK6812MINI_E_3.5x3.5mm_P1.75mm,SK6812_MINI_E,smt,True
180.975,-140.85,180.0,bottom,D_RGB57,,,LED_SK6812MINI_E_3.5x3.5mm_P1.75mm,SK6812_MINI_E,smt,True
150.01875,-140.85,180.0,bottom,D_RGB58,,,LED_SK6812MINI_E_3.5x3.5mm_P1.75mm,SK6812_MINI_E,smt,True
126.20625,-140.85,180.0,bottom,D_RGB59,,,LED_SK6812MINI_E_3.5x3.5mm_P1.75mm,SK6812_MINI_E,smt,True
171.45,-83.7,0.0,bottom,D_RGB6,,,LED_SK6812MINI_E_3.5x3.5mm_P1.75mm,SK6812_MINI_E,smt,True
102.39375,-140.85,180.0,bottom,D_RGB60,,,LED_SK6812MINI_E_3.5x3.5mm_P1.75mm,SK6812_MINI_E,smt,True
78.58125,-140.85,180.0,bottom,D_RGB61,,,LED_SK6812MINI_E_3.5x3.5mm_P1.75mm,SK6812_MINI_E,smt,True
190.5,-83.7,0.0,bottom,D_RGB7,,,LED_SK6812MINI_E_3.5x3.5mm_P1.75mm,SK6812_MINI_E,smt,True
209.55,-83.7,0.0,bottom,D_RGB8,,,LED_SK6812MINI_E_3.5x3.5mm_P1.75mm,SK6812_MINI_E,smt,True
228.6,-83.7,0.0,bottom,D_RGB9,,,LED_SK6812MINI_E_3.5x3.5mm_P1.75mm,SK6812_MINI_E,smt,True
85.725,-98.425,0.0,top,H1,,,MountingHole_2.2mm_M2,MountingHole,tht,True
238.1,-98.425,0.0,top,H2,,,MountingHole_2.2mm_M2,MountingHole,tht,True
87.0,-136.525,0.0,top,H3,,,MountingHole_2.2mm_M2,MountingHole,tht,True
360.045,-98.425,0.0,top,H4,,,MountingHole_2.2mm_M2,MountingHole,tht,True
161.925,-136.525,0.0,top,H5,,,MountingHole_2.2mm_M2,MountingHole,tht,True
295.3,-136.5,0.0,top,H6,,,MountingHole_2.2mm_M2,MountingHole,tht,True
161.925,-98.425,0.0,top,H7,,,MountingHole_2.2mm_M2,MountingHole,tht,True
360.045,-136.525,0.0,top,H8,,,MountingHole_2.2mm_M2,MountingHole,tht,True
318.1,-98.4,0.0,top,H9,,,MountingHole_2.2mm_M2,MountingHole,tht,True
200.5,-131.575,180.0,top,J1,,,PinHeader_1x02_P2.54mm_Vertical,Conn_01x02,tht,True
104.75,-81.44,0.0,bottom,J2,,,USB_C_Receptacle_HRO_TYPE-C-31-M-12,USB_C_Receptacle_USB2.0_16P,smt,True
163.3,-153.0,-90.0,bottom,J3,,,PinHeader_1x03_P2.54mm_Vertical,Conn_01x03,tht,True
162.0,-145.5,-90.0,bottom,J4,,,PinHeader_1x04_P2.54mm_Vertical,Conn_01x04,tht,True
162.0,-149.25,-90.0,bottom,J5,,,PinHeader_1x04_P2.54mm_Vertical,Case Lighting,tht,False
341.0,-81.6,0.0,bottom,JP1,,,SolderJumper-2_P1.3mm_Open_RoundedPad1.0x1.5mm,Jumper_2_Bridged,tht,True
341.0,-116.8,180.0,top,JP10,,,SolderJumper-2_P1.3mm_Open_RoundedPad1.0x1.5mm,Jumper_2_Bridged,tht,True
341.0,-84.2,180.0,bottom,JP2,,,SolderJumper-2_P1.3mm_Open_RoundedPad1.0x1.5mm,Jumper_2_Bridged,tht,True
341.0,-100.0,180.0,bottom,JP3,,,SolderJumper-2_P1.3mm_Open_RoundedPad1.0x1.5mm,Jumper_2_Bridged,tht,True
341.0,-119.4,180.0,bottom,JP4,,,SolderJumper-2_P1.3mm_Open_RoundedPad1.0x1.5mm,Jumper_2_Bridged,tht,True
341.0,-138.6,180.0,bottom,JP5,,,SolderJumper-2_P1.3mm_Open_RoundedPad1.0x1.5mm,Jumper_2_Bridged,tht,True
341.0,-97.4,180.0,bottom,JP6,,,SolderJumper-2_P1.3mm_Open_RoundedPad1.0x1.5mm,Jumper_2_Bridged,tht,True
341.0,-116.8,0.0,bottom,JP7,,,SolderJumper-2_P1.3mm_Open_RoundedPad1.0x1.5mm,Jumper_2_Bridged,tht,True
341.0,-136.0,180.0,bottom,JP8,,,SolderJumper-2_P1.3mm_Open_RoundedPad1.0x1.5mm,Jumper_2_Bridged,tht,True
341.0,-119.4,180.0,top,JP9,,,SolderJumper-2_P1.3mm_Open_RoundedPad1.0x1.5mm,Jumper_2_Bridged,tht,True
76.2,-88.9,180.0,top,K1,,,SW_Hotswap_Kailh_MX_1.00u,Home,smt,True
247.65,-88.9,180.0,top,K10,,,SW_Hotswap_Kailh_MX_1.00u,I,smt,True
266.7,-88.9,180.0,top,K11,,,SW_Hotswap_Kailh_MX_1.00u,O,smt,True
285.75,-88.9,180.0,top,K12,,,SW_Hotswap_Kailh_MX_1.00u,P,smt,True
304.8,-88.9,180.0,top,K13,,,SW_Hotswap_Kailh_MX_1.00u,Back Space,smt,True
331.47,-88.9,180.0,top,K14,,,SW_Hotswap_Kailh_MX_1.00u,Delete,smt,True
350.52,-88.9,180.0,top,K15,,,SW_Hotswap_Kailh_MX_1.00u,1,smt,True
369.57,-88.9,180.0,top,K16,,,SW_Hotswap_Kailh_MX_1.00u,2,smt,True
76.2,-107.95,180.0,top,K18,,,SW_Hotswap_Kailh_MX_1.00u,End,smt,True
95.25,-107.95,180.0,top,K19,,,SW_Hotswap_Kailh_MX_1.00u,Esc,smt,True
95.25,-88.9,180.0,top,K2,,,SW_Hotswap_Kailh_MX_1.00u,Tab,smt,True
114.3,-107.95,180.0,top,K20,,,SW_Hotswap_Kailh_MX_1.00u,A,smt,True
133.35,-107.95,180.0,top,K21,,,SW_Hotswap_Kailh_MX_1.00u,S,smt,True
152.4,-107.95,180.0,top,K22,,,SW_Hotswap_Kailh_MX_1.00u,1N4148W,smt,True
171.45,-107.95,180.0,top,K23,,,SW_Hotswap_Kailh_MX_1.00u,F,smt,True
190.5,-107.95,180.0,top,K24,,,SW_Hotswap_Kailh_MX_1.00u,G,smt,True
209.55,-107.95,180.0,top,K25,,,SW_Hotswap_Kailh_MX_1.00u,H,smt,True
228.6,-107.95,180.0,top,K26,,,SW_Hotswap_Kailh_MX_1.00u,J,smt,True
247.65,-107.95,180.0,top,K27,,,SW_Hotswap_Kailh_MX_1.00u,K,smt,True
266.7,-107.95,180.0,top,K28,,,SW_Hotswap_Kailh_MX_1.00u,L,smt,True
285.75,-107.95,180.0,top,K29,,,SW_Hotswap_Kailh_MX_1.00u,;,smt,True
114.3,-88.9,180.0,top,K3,,,SW_Hotswap_Kailh_MX_1.00u,Q,smt,True
304.8,-107.95,180.0,top,K30,,,SW_Hotswap_Kailh_MX_1.00u,',smt,True
331.47,-107.95,180.0,top,K31,,,SW_Hotswap_Kailh_MX_1.00u,Return,smt,True
350.52,-107.95,180.0,top,K32,,,SW_Hotswap_Kailh_MX_1.00u,4,smt,True
369.57,-107.95,180.0,top,K33,,,SW_Hotswap_Kailh_MX_1.00u,5,smt,True
76.2,-127.0,180.0,top,K35,,,SW_Hotswap_Kailh_MX_1.00u,Vol +,smt,True
95.25,-127.0,180.0,top,K36,,,SW_Hotswap_Kailh_MX_1.00u,Shift,smt,True
114.3,-127.0,180.0,top,K37,,,SW_Hotswap_Kailh_MX_1.00u,Z,smt,True
133.35,-127.0,180.0,top,K38,,,SW_Hotswap_Kailh_MX_1.00u,X,smt,True
152.4,-127.0,180.0,top,K39,,,SW_Hotswap_Kailh_MX_1.00u,C,smt,True
133.35,-88.9,180.0,top,K4,,,SW_Hotswap_Kailh_MX_1.00u,W,smt,True
171.45,-127.0,180.0,top,K40,,,SW_Hotswap_Kailh_MX_1.00u,V,smt,True
190.5,-127.0,180.0,top,K41,,,SW_Hotswap_Kailh_MX_1.00u,B,smt,True
209.55,-127.0,180.0,top,K42,,,SW_Hotswap_Kailh_MX_1.00u,N,smt,True
228.6,-127.0,180.0,top,K43,,,SW_Hotswap_Kailh_MX_1.00u,M,smt,True
247.65,-127.0,180.0,top,K44,,,SW_Hotswap_Kailh_MX_1.00u,",",smt,True
266.7,-127.0,180.0,top,K45,,,SW_Hotswap_Kailh_MX_1.00u,.,smt,True
285.75,-127.0,180.0,top,K46,,,SW_Hotswap_Kailh_MX_1.00u,/,smt,True
331.47,-127.0,180.0,top,K47,,,SW_Hotswap_Kailh_MX_1.00u,Shift,smt,True
350.52,-127.0,180.0,top,K48,,,SW_Hotswap_Kailh_MX_1.00u,7,smt,True
369.57,-127.0,180.0,top,K49,,,SW_Hotswap_Kailh_MX_1.00u,8,smt,True
152.4,-88.9,180.0,top,K5,,,SW_Hotswap_Kailh_MX_1.00u,E,smt,True
308.61,-130.81,180.0,top,K50,,,SW_Hotswap_Kailh_MX_1.00u,9,smt,True
78.58125,-146.05,180.0,top,K52,,,SW_Hotswap_Kailh_MX_1.25u,Vol -,smt,True
102.39375,-146.05,180.0,top,K53,,,SW_Hotswap_Kailh_MX_1.25u,Ctrl,smt,True
126.20625,-146.05,180.0,top,K54,,,SW_Hotswap_Kailh_MX_1.25u,Alt,smt,True
150.01875,-146.05,180.0,top,K55,,,SW_Hotswap_Kailh_MX_1.25u,Super,smt,True
180.975,-146.05,180.0,top,K56,,,SW_Hotswap_Kailh_MX_1.25u,&dArr;,smt,True
211.93125,-146.05,180.0,top,K57,,,SW_Hotswap_Kailh_MX_2.00u,Blank,smt,True
235.74375,-146.05,180.0,top,K58,,,SW_Hotswap_Kailh_MX_1.25u,&uArr;,smt,True
259.55625,-146.05,180.0,top,K59,,,SW_Hotswap_Kailh_MX_1.25u,Alt,smt,True
171.45,-88.9,180.0,top,K6,,,SW_Hotswap_Kailh_MX_1.00u,R,smt,True
350.52,-146.05,180.0,top,K60,,,SW_Hotswap_Kailh_MX_1.00u,0,smt,True
369.57,-146.05,180.0,top,K61,,,SW_Hotswap_Kailh_MX_1.00u,Enter,smt,False
289.56,-149.86,180.0,top,K62,,,SW_Hotswap_Kailh_MX_1.00u,Fn,smt,True
308.61,-149.86,180.0,top,K63,,,SW_Hotswap_Kailh_MX_1.00u,&larr;,smt,True
327.66,-149.86,180.0,top,K64,,,SW_Hotswap_Kailh_MX_1.00u,&darr;,smt,True
190.5,-88.9,180.0,top,K7,,,SW_Hotswap_Kailh_MX_1.00u,T,smt,True
209.55,-88.9,180.0,top,K8,,,SW_Hotswap_Kailh_MX_1.00u,Y,smt,True
228.6,-88.9,180.0,top,K9,,,SW_Hotswap_Kailh_MX_1.00u,U,smt,True
201.3,-139.3,180.0,bottom,R1,,,R_0402_1005Metric,1k,smt,True
201.3,-140.3,180.0,bottom,R2,,,R_0402_1005Metric,DNF,smt,True
196.8,-149.05,180.0,bottom,R3,,,R_0402_1005Metric,1k,smt,True
195.35,-138.559999,-90.0,bottom,R4,,,R_0402_1005Metric,27,smt,True
194.349999,-138.559999,90.0,bottom,R5,,,R_0402_1005Metric,27,smt,True
102.35,-87.25,180.0,bottom,R6,,,R_0402_1005Metric,5.1k,smt,True
107.25,-87.25,0.0,bottom,R7,,,R_0402_1005Metric,5.1k,smt,True
104.75,-95.5,-90.0,bottom,U1,,,SOT-23-6,USBLC6-2SC6,smt,True
124.0,-83.5,0.0,bottom,U2,,,SOT-223-3_TabPin2,NCP1117-3.3_SOT223,smt,True
205.15,-139.0,90.0,bottom,U3,,,SOIC-8_5.23x5.23mm_P1.27mm,W25Q128JVS,smt,True
196.149999,-143.859999,180.0,bottom,U5,,,QFN-56-1EP_7x7mm_P0.4mm_EP3.2x3.2mm,RP2040,smt,True
197.658001,-152.808,180.0,bottom,Y1,,,Crystal_SMD_3225-4Pin_3.2x2.5mm,ABM8-272-T3,smt,True
