﻿Designator,Quantity,Value,Footprint,Package,MPN,DNP,Mount_Type,Description,Sim.Device,Sim.Pins
"C1, C2, C22",3,10u,C_0805_2012Metric,,,,smt,,,
"C10, C11, C12, C14, C16, C17, C18, C19, C20, C21",10,100n,C_0402_1005Metric,,,,smt,,,
"C13, C15",2,1u,C_0402_1005Metric,,,,smt,,,
"C6, C7",2,15p,C_0402_1005Metric,,,,smt,,,
"D1, D10, D11, D12, D13, D14, D15, D16, D18, D19, D2, D20, D21, D22, D23, D24, D25, D26, D27, D28, D29, D3, D30, D31, D32, D33, D35, D36, D37, D38, D39, D4, D40, D41, D42, D43, D44, D45, D46, D47, D48, D49, D5, D50, D52, D53, D54, D55, D56, D57, D58, D59, D6, D60, D61, D62, D63, D64, D7, D8, D9",61,1N4148W,D_SOD-123,,,,smt,Diode,D,1=K 2=A
"D_RGB1, D_RGB10, D_RGB11, D_RGB12, D_RGB13, D_RGB14, D_RGB15, D_RGB16, D_RGB17, D_RGB18, D_RGB19, D_RGB2, D_RGB20, D_RGB21, D_RGB22, D_RGB23, D_RGB24, D_RGB25, D_RGB26, D_RGB27, D_RGB28, D_RGB29, D_RGB3, D_RGB30, D_RGB31, D_RGB32, D_RGB33, D_RGB34, D_RGB35, D_RGB36, D_RGB37, D_RGB38, D_RGB39, D_RGB4, D_RGB40, D_RGB41, D_RGB42, D_RGB43, D_RGB44, D_RGB45, D_RGB46, D_RGB47, D_RGB48, D_RGB49, D_RGB5, D_RGB50, D_RGB51, D_RGB52, D_RGB53, D_RGB54, D_RGB55, D_RGB56, D_RGB57, D_RGB58, D_RGB59, D_RGB6, D_RGB60, D_RGB61, D_RGB7, D_RGB8, D_RGB9",61,SK6812_MINI_E,LED_SK6812MINI_E_3.5x3.5mm_P1.75mm,,,,smt,,,
"H1, H2, H3, H4, H5, H6, H7, H8, H9",9,MountingHole,MountingHole_2.2mm_M2,,,,tht,,,
J1,1,Conn_01x02,PinHeader_1x02_P2.54mm_Vertical,,,Yes,tht,,,
J2,1,USB_C_Receptacle_USB2.0_16P,USB_C_Receptacle_HRO_TYPE-C-31-M-12,,,,smt,USB 2.0-only 16P Type-C Receptacle connector,,
J3,1,Conn_01x03,PinHeader_1x03_P2.54mm_Vertical,,,Yes,tht,"Generic connector, single row, 01x03, script generated (kicad-library-utils/schlib/autogen/connector/)",,
J4,1,Conn_01x04,PinHeader_1x04_P2.54mm_Vertical,,,Yes,tht,"Generic connector, single row, 01x04, script generated (kicad-library-utils/schlib/autogen/connector/)",,
J5,1,Case Lighting,PinHeader_1x04_P2.54mm_Vertical,,,Yes,tht,"Generic connector, double row, 02x02, odd/even pin numbering scheme (row 1 odd numbers, row 2 even numbers), script generated (kicad-library-utils/schlib/autogen/connector/)",,
"JP1, JP10, JP2, JP3, JP4, JP5, JP6, JP7, JP8, JP9",10,Jumper_2_Bridged,SolderJumper-2_P1.3mm_Open_RoundedPad1.0x1.5mm,,,,tht,"Jumper, 2-pole, closed/bridged",,
K1,1,Home,SW_Hotswap_Kailh_MX_1.00u,,,,smt,,,
K10,1,I,SW_Hotswap_Kailh_MX_1.00u,,,,smt,,,
K11,1,O,SW_Hotswap_Kailh_MX_1.00u,,,,smt,,,
K12,1,P,SW_Hotswap_Kailh_MX_1.00u,,,,smt,,,
K13,1,Back Space,SW_Hotswap_Kailh_MX_1.00u,,,,smt,,,
K14,1,Delete,SW_Hotswap_Kailh_MX_1.00u,,,,smt,,,
K15,1,1,SW_Hotswap_Kailh_MX_1.00u,,,,smt,,,
K16,1,2,SW_Hotswap_Kailh_MX_1.00u,,,,smt,,,
K18,1,End,SW_Hotswap_Kailh_MX_1.00u,,,,smt,,,
K19,1,Esc,SW_Hotswap_Kailh_MX_1.00u,,,,smt,,,
K2,1,Tab,SW_Hotswap_Kailh_MX_1.00u,,,,smt,,,
K20,1,A,SW_Hotswap_Kailh_MX_1.00u,,,,smt,,,
K21,1,S,SW_Hotswap_Kailh_MX_1.00u,,,,smt,,,
K22,1,1N4148W,SW_Hotswap_Kailh_MX_1.00u,,,,smt,,,
K23,1,F,SW_Hotswap_Kailh_MX_1.00u,,,,smt,,,
K24,1,G,SW_Hotswap_Kailh_MX_1.00u,,,,smt,,,
K25,1,H,SW_Hotswap_Kailh_MX_1.00u,,,,smt,,,
K26,1,J,SW_Hotswap_Kailh_MX_1.00u,,,,smt,,,
K27,1,K,SW_Hotswap_Kailh_MX_1.00u,,,,smt,,,
K28,1,L,SW_Hotswap_Kailh_MX_1.00u,,,,smt,,,
K29,1,;,SW_Hotswap_Kailh_MX_1.00u,,,,smt,,,
K3,1,Q,SW_Hotswap_Kailh_MX_1.00u,,,,smt,,,
K30,1,',SW_Hotswap_Kailh_MX_1.00u,,,,smt,,,
K31,1,Return,SW_Hotswap_Kailh_MX_1.00u,,,,smt,,,
K32,1,4,SW_Hotswap_Kailh_MX_1.00u,,,,smt,,,
K33,1,5,SW_Hotswap_Kailh_MX_1.00u,,,,smt,,,
K35,1,Vol +,SW_Hotswap_Kailh_MX_1.00u,,,,smt,,,
"K36, K47",2,Shift,SW_Hotswap_Kailh_MX_1.00u,,,,smt,,,
K37,1,Z,SW_Hotswap_Kailh_MX_1.00u,,,,smt,,,
K38,1,X,SW_Hotswap_Kailh_MX_1.00u,,,,smt,,,
K39,1,C,SW_Hotswap_Kailh_MX_1.00u,,,,smt,,,
K4,1,W,SW_Hotswap_Kailh_MX_1.00u,,,,smt,,,
K40,1,V,SW_Hotswap_Kailh_MX_1.00u,,,,smt,,,
K41,1,B,SW_Hotswap_Kailh_MX_1.00u,,,,smt,,,
K42,1,N,SW_Hotswap_Kailh_MX_1.00u,,,,smt,,,
K43,1,M,SW_Hotswap_Kailh_MX_1.00u,,,,smt,,,
K44,1,",",SW_Hotswap_Kailh_MX_1.00u,,,,smt,,,
K45,1,.,SW_Hotswap_Kailh_MX_1.00u,,,,smt,,,
K46,1,/,SW_Hotswap_Kailh_MX_1.00u,,,,smt,,,
K48,1,7,SW_Hotswap_Kailh_MX_1.00u,,,,smt,,,
K49,1,8,SW_Hotswap_Kailh_MX_1.00u,,,,smt,,,
K5,1,E,SW_Hotswap_Kailh_MX_1.00u,,,,smt,,,
K50,1,9,SW_Hotswap_Kailh_MX_1.00u,,,,smt,,,
K52,1,Vol -,SW_Hotswap_Kailh_MX_1.25u,,,,smt,,,
K53,1,Ctrl,SW_Hotswap_Kailh_MX_1.25u,,,,smt,,,
"K54, K59",2,Alt,SW_Hotswap_Kailh_MX_1.25u,,,,smt,,,
K55,1,Super,SW_Hotswap_Kailh_MX_1.25u,,,,smt,,,
K56,1,&dArr;,SW_Hotswap_Kailh_MX_1.25u,,,,smt,,,
K57,1,Blank,SW_Hotswap_Kailh_MX_2.00u,,,,smt,,,
K58,1,&uArr;,SW_Hotswap_Kailh_MX_1.25u,,,,smt,,,
K6,1,R,SW_Hotswap_Kailh_MX_1.00u,,,,smt,,,
K60,1,0,SW_Hotswap_Kailh_MX_1.00u,,,,smt,,,
K61,1,Enter,SW_Hotswap_Kailh_MX_1.00u,,,,smt,,,
K62,1,Fn,SW_Hotswap_Kailh_MX_1.00u,,,,smt,,,
K63,1,&larr;,SW_Hotswap_Kailh_MX_1.00u,,,,smt,,,
K64,1,&darr;,SW_Hotswap_Kailh_MX_1.00u,,,,smt,,,
K7,1,T,SW_Hotswap_Kailh_MX_1.00u,,,,smt,,,
K8,1,Y,SW_Hotswap_Kailh_MX_1.00u,,,,smt,,,
K9,1,U,SW_Hotswap_Kailh_MX_1.00u,,,,smt,,,
"R1, R3",2,1k,R_0402_1005Metric,,,,smt,,,
R2,1,DNF,R_0402_1005Metric,,,,smt,,,
"R4, R5",2,27,R_0402_1005Metric,,,,smt,,,
"R6, R7",2,5.1k,R_0402_1005Metric,,,,smt,Resistor,,
U1,1,USBLC6-2SC6,SOT-23-6,,,,smt,"Very low capacitance ESD protection diode, 2 data-line, SOT-23-6",,
U2,1,NCP1117-3.3_SOT223,SOT-223-3_TabPin2,,,,smt,,,
U3,1,W25Q128JVS,SOIC-8_5.23x5.23mm_P1.27mm,,,,smt,,,
U5,1,RP2040,QFN-56-1EP_7x7mm_P0.4mm_EP3.2x3.2mm,,,,smt,A microcontroller by Raspberry Pi,,
Y1,1,ABM8-272-T3,Crystal_SMD_3225-4Pin_3.2x2.5mm,,,,smt,,,
