﻿Designator,Footprint,Quantity,Value,LCSC Part #
"C1, C18, C78",0805,3,10uF,C15850
"C10, C11, C12, C13, C14, C15, C16, C17, C19, C2, C20, C21, C22, C23, C24, C25, C26, C27, C28, C29, C3, C30, C31, C32, C33, C34, C35, C36, C37, C38, C39, C4, C40, C41, C42, C43, C44, C45, C46, C47, C48, C49, C5, C50, C51, C52, C53, C54, C55, C56, C59, C6, C60, C61, C62, C63, C64, C65, C66, C67, C68, C69, C7, C70, C71, C72, C73, C74, C77, C8, C9",0402,71,100nF,C1525
"C57, C58",0402,2,1uF,C52923
"C75, C76",0402,2,15pF,C1548
"C79, C80, C81, C82, C83, C84, C85, C86, C87",1206,9,100uF,C15008
"D1, D10, D11, D12, D13, D14, D15, D16, D17, D18, D19, D2, D20, D21, D22, D23, D24, D25, D26, D27, D28, D29, D3, D30, D31, D32, D33, D34, D35, D36, D37, D38, D39, D4, D40, D41, D42, D43, D44, D45, D46, D47, D48, D49, D5, D50, D51, D52, D53, D54, D55, D56, D57, D58, D59, D6, D60, D61, D7, D8, D9",D_SOD-123,61,1N4148W,C81598
D65,0402,1,LED,C20613596
"D_RGB1, D_RGB10, D_RGB11, D_RGB12, D_RGB13, D_RGB14, D_RGB15, D_RGB16, D_RGB17, D_RGB18, D_RGB19, D_RGB2, D_RGB20, D_RGB21, D_RGB22, D_RGB23, D_RGB24, D_RGB25, D_RGB26, D_RGB27, D_RGB28, D_RGB29, D_RGB3, D_RGB30, D_RGB31, D_RGB32, D_RGB33, D_RGB34, D_RGB35, D_RGB36, D_RGB37, D_RGB38, D_RGB39, D_RGB4, D_RGB40, D_RGB41, D_RGB42, D_RGB43, D_RGB44, D_RGB45, D_RGB46, D_RGB47, D_RGB48, D_RGB49, D_RGB5, D_RGB50, D_RGB51, D_RGB52, D_RGB53, D_RGB54, D_RGB55, D_RGB56, D_RGB57, D_RGB58, D_RGB59, D_RGB6, D_RGB60, D_RGB61, D_RGB7, D_RGB8, D_RGB9",LED_SK6812MINI_E_3.5x3.5mm_P1.75mm,61,SK6812_MINI_E,C5149201
F1,1206,1,SL1206150,C70165
J1,PinHeader_1x02_P2.54mm_Vertical,1,Conn_01x02,
J2,USB_C_Receptacle_HRO_TYPE-C-31-M-12,1,USB_C_Receptacle_USB2.0_16P,C165948
J3,PinHeader_1x04_P2.54mm_Vertical,1,Conn_01x04,
J4,PinHeader_1x03_P2.54mm_Vertical,1,Case Lighting,
J5,PinHeader_1x03_P2.54mm_Vertical,1,Conn_01x03,
"JP1, JP10, JP2, JP3, JP4, JP5, JP6, JP7, JP8, JP9",SolderJumper-2_P1.3mm_Open_RoundedPad1.0x1.5mm,10,Jumper_2_Small_Bridged,
"K1, K10, K11, K12, K13, K14, K15, K16, K17, K18, K19, K2, K20, K21, K22, K23, K24, K25, K26, K27, K28, K29, K3, K30, K31, K32, K33, K34, K35, K36, K37, K38, K39, K4, K40, K41, K42, K43, K44, K45, K46, K47, K48, K5, K57, K58, K59, K6, K60, K61, K7, K8, K9",SW_Hotswap_Kailh_MX_Plated,53,Kailh Hotswap Socket,C5156480
"K49, K50, K51, K52, K53, K55, K56",SW_Hotswap_Kailh_MX_Plated_1.25u,7,Kailh Hotswap Socket,C5156480
K54,SW_Hotswap_Kailh_MX_Plated_2.00u,1,Kailh Hotswap Socket,C5156480
Q1,SOT-23,1,BSS138,C52895
"R1, R8",0402,2,470,C25117
"R10, R11",0402,2,10k,C25744
"R12, R13, R4, R5",0402,4,27,C25100
R14,0402,1,100,C25076
"R2, R3",0402,2,5.1k,C25905
"R6, R9",0402,2,1k,C11702
R7,0402,1,DNP,
U1,SOT-223-3_TabPin2,1,AMS1117-3.3,C6186
U2,SOT-23-6,1,USBLC6-2SC6,C7519
U3,SOIC-8_5.23x5.23mm_P1.27mm,1,W25Q128JVSI,C97521
U4,QFN-56-1EP_7x7mm_P0.4mm_EP3.2x3.2mm,1,RP2040,C2040
Y1,Crystal_SMD_3225-4Pin_3.2x2.5mm,1,ABM8-272-T3,C20625731
